<profile version="1.0">
  <option name="myName" value="Default" />
  <inspection_tool class="Eslint" enabled="true" level="WARNING" enabled_by_default="true" />
  <inspection_tool class="PyCompatibilityInspection" enabled="true" level="WARNING" enabled_by_default="true">
    <option name="ourVersions">
      <value>
        <list size="3">
          <item index="0" class="java.lang.String" itemvalue="2.7" />
          <item index="1" class="java.lang.String" itemvalue="3.8" />
          <item index="2" class="java.lang.String" itemvalue="3.9" />
        </list>
      </value>
    </option>
  </inspection_tool>
  <inspection_tool class="PyPackageRequirementsInspection" enabled="true" level="WARNING" enabled_by_default="true">
    <option name="ignoredPackages">
      <value>
        <list size="73">
          <item index="0" class="java.lang.String" itemvalue="pandas" />
          <item index="1" class="java.lang.String" itemvalue="SQLAlchemy" />
          <item index="2" class="java.lang.String" itemvalue="protobuf" />
          <item index="3" class="java.lang.String" itemvalue="scikit-learn" />
          <item index="4" class="java.lang.String" itemvalue="PyYAML" />
          <item index="5" class="java.lang.String" itemvalue="python-dateutil" />
          <item index="6" class="java.lang.String" itemvalue="psycopg2" />
          <item index="7" class="java.lang.String" itemvalue="MarkupSafe" />
          <item index="8" class="java.lang.String" itemvalue="numpy" />
          <item index="9" class="java.lang.String" itemvalue="python-slugify" />
          <item index="10" class="java.lang.String" itemvalue="requests" />
          <item index="11" class="java.lang.String" itemvalue="troposphere" />
          <item index="12" class="java.lang.String" itemvalue="Jinja2" />
          <item index="13" class="java.lang.String" itemvalue="mysql-connector-python" />
          <item index="14" class="java.lang.String" itemvalue="wsgi-request-logger" />
          <item index="15" class="java.lang.String" itemvalue="certifi" />
          <item index="16" class="java.lang.String" itemvalue="docutils" />
          <item index="17" class="java.lang.String" itemvalue="kappa" />
          <item index="18" class="java.lang.String" itemvalue="urllib3" />
          <item index="19" class="java.lang.String" itemvalue="itsdangerous" />
          <item index="20" class="java.lang.String" itemvalue="pyparsing" />
          <item index="21" class="java.lang.String" itemvalue="xgboost" />
          <item index="22" class="java.lang.String" itemvalue="placebo" />
          <item index="23" class="java.lang.String" itemvalue="Flask" />
          <item index="24" class="java.lang.String" itemvalue="cfn-flip" />
          <item index="25" class="java.lang.String" itemvalue="scipy" />
          <item index="26" class="java.lang.String" itemvalue="six" />
          <item index="27" class="java.lang.String" itemvalue="botocore" />
          <item index="28" class="java.lang.String" itemvalue="lambda-packages" />
          <item index="29" class="java.lang.String" itemvalue="argcomplete" />
          <item index="30" class="java.lang.String" itemvalue="kiwisolver" />
          <item index="31" class="java.lang.String" itemvalue="toml" />
          <item index="32" class="java.lang.String" itemvalue="click" />
          <item index="33" class="java.lang.String" itemvalue="jmespath" />
          <item index="34" class="java.lang.String" itemvalue="tqdm" />
          <item index="35" class="java.lang.String" itemvalue="boto3" />
          <item index="36" class="java.lang.String" itemvalue="base58" />
          <item index="37" class="java.lang.String" itemvalue="s3transfer" />
          <item index="38" class="java.lang.String" itemvalue="Unidecode" />
          <item index="39" class="java.lang.String" itemvalue="matplotlib" />
          <item index="40" class="java.lang.String" itemvalue="ez-setup" />
          <item index="41" class="java.lang.String" itemvalue="durationpy" />
          <item index="42" class="java.lang.String" itemvalue="hjson" />
          <item index="43" class="java.lang.String" itemvalue="pytz" />
          <item index="44" class="java.lang.String" itemvalue="zappa" />
          <item index="45" class="java.lang.String" itemvalue="idna" />
          <item index="46" class="java.lang.String" itemvalue="tzlocal" />
          <item index="47" class="java.lang.String" itemvalue="psycopg2-binary" />
          <item index="48" class="java.lang.String" itemvalue="kombu" />
          <item index="49" class="java.lang.String" itemvalue="celery" />
          <item index="50" class="java.lang.String" itemvalue="Pygments" />
          <item index="51" class="java.lang.String" itemvalue="zipp" />
          <item index="52" class="java.lang.String" itemvalue="Flask-JWT-Extended" />
          <item index="53" class="java.lang.String" itemvalue="vine" />
          <item index="54" class="java.lang.String" itemvalue="billiard" />
          <item index="55" class="java.lang.String" itemvalue="xlrd" />
          <item index="56" class="java.lang.String" itemvalue="croniter" />
          <item index="57" class="java.lang.String" itemvalue="GitPython" />
          <item index="58" class="java.lang.String" itemvalue="marshmallow-sqlalchemy" />
          <item index="59" class="java.lang.String" itemvalue="tornado" />
          <item index="60" class="java.lang.String" itemvalue="asn1crypto" />
          <item index="61" class="java.lang.String" itemvalue="amqp" />
          <item index="62" class="java.lang.String" itemvalue="cryptography" />
          <item index="63" class="java.lang.String" itemvalue="prometheus-client" />
          <item index="64" class="java.lang.String" itemvalue="attrs" />
          <item index="65" class="java.lang.String" itemvalue="crypto" />
          <item index="66" class="java.lang.String" itemvalue="flower" />
          <item index="67" class="java.lang.String" itemvalue="Naked" />
          <item index="68" class="java.lang.String" itemvalue="colorama" />
          <item index="69" class="java.lang.String" itemvalue="humanize" />
          <item index="70" class="java.lang.String" itemvalue="shellescape" />
          <item index="71" class="java.lang.String" itemvalue="Deprecated" />
          <item index="72" class="java.lang.String" itemvalue="atlassian-python-api" />
        </list>
      </value>
    </option>
  </inspection_tool>
  <inspection_tool class="PyUnresolvedReferencesInspection" enabled="true" level="WARNING" enabled_by_default="true">
    <option name="ignoredIdentifiers">
      <list>
        <option value="dags.extract.parse_equifax.airflow_helperfunctions" />
      </list>
    </option>
  </inspection_tool>
  <inspection_tool class="Stylelint" enabled="true" level="ERROR" enabled_by_default="true" />
</profile>