<application>
  <component name="aws">
    <option name="promptedForTelemetry" value="true" />
    <option name="telemetryEnabled" value="false" />
    <option name="useDefaultCredentialRegion" value="Prompt" />
  </component>
  <component name="executables">
    <option name="value">
      <list>
        <ExecutableState>
          <option name="id" value="cloud-debugCli" />
        </ExecutableState>
        <ExecutableState>
          <option name="autoResolved" value="true" />
          <option name="executablePath" value="/usr/local/bin/sam" />
          <option name="id" value="samCli" />
          <option name="lastKnownFileTime" value="1615871932027" />
        </ExecutableState>
      </list>
    </option>
  </component>
</application>