<application>
  <component name="FileTypeManager" version="17">
    <ignoreFiles list="*$py.class;*.hprof;*.pyc;*.pyo;*.rbc;*.yarb;*~;.DS_Store;.git;.hg;.svn;CVS;__pycache__;_svn;vssver.scc;vssver2.scc;" />
    <extensionMap>
      <mapping pattern="Markefile" type="PLAIN_TEXT" />
      <mapping pattern=".dockerignore" type="PLAIN_TEXT" />
      <mapping pattern=".env.db" type="PLAIN_TEXT" />
      <mapping pattern=".env.staging" type="PLAIN_TEXT" />
      <mapping pattern=".env.assume" type="PLAIN_TEXT" />
      <mapping pattern=".env.legacy" type="PLAIN_TEXT" />
      <mapping pattern=".env" type="PLAIN_TEXT" />
      <mapping pattern=".gitkeep" type="PLAIN_TEXT" />
      <mapping pattern="ss" type="PLAIN_TEXT" />
      <mapping pattern="password" type="PLAIN_TEXT" />
      <mapping ext="style" type="PLAIN_TEXT" />
      <mapping ext="typed" type="PLAIN_TEXT" />
      <mapping ext="err" type="PLAIN_TEXT" />
      <mapping ext="template" type="PLAIN_TEXT" />
      <mapping ext="img" type="PLAIN_TEXT" />
      <mapping ext="plan" type="PLAIN_TEXT" />
      <mapping pattern="MLproject" type="YAML" />
      <removed_mapping pattern="dbt/*.sql" approved="true" type="Jinja2" />
    </extensionMap>
  </component>
</application>