<application>
  <component name="JupyterPersistentConnectionParameters">
    <option name="moduleParameters">
      <map>
        <entry key="$USER_HOME$/brighte/brighte-etl/.idea/brighte-etl.iml">
          <value>
            <JupyterConnectionParameters>
              <option name="managed" value="true" />
              <option name="sdkHomePath" value="$USER_HOME$/.pyenv/versions/3.8.5/bin/python" />
            </JupyterConnectionParameters>
          </value>
        </entry>
      </map>
    </option>
  </component>
</application>